review,true,pred,score
"Tabreez offers a great selection of fish cooked in the traditional Bahraini way. I highly recommend having it with local mashboos rice and the sauce (marag) Definitely don’t skip the sauce, as it really takes the flavors to another level. Overall, the food was absolutely delicious. They also have a nice outdoor seating area with a garden vibe, and the service was friendly and efficient. Finally, prices are very reasonable taking into consideration that it is seafood and with huge portions.",positive,positive,0.9903258681297302
"Tabreez Restaurant is widely considered one of the best spots for authentic Bahraini seafood in Manama. It offers a rustic, ""no-frills"" dining experience that focuses entirely on fresh, high-quality ingredients rather than fancy decor. Why Diners Love It Fresh Selection: You can personally select your fish from the daily catch. The Grilled Sea Bream and Masgoof (stuffed open-grilled fish) are highly recommended favorites. Signature Dishes: The Hamoor Machboos (spiced rice with grouper) and Fried Safi are praised for their traditional Gulf flavors. Atmosphere: While the interior is simple, the large outdoor garden seating with greenery and fountains provides a cozy, local vibe, especially during the winter months. Affordability: It is known for offering excellent value for money, with generous portions at very reasonable prices. Finishing Touch: Every meal traditionally ends with a complimentary pot of black tea brewed on charcoal, which many reviewers consider a highlight. Insider Tip: For the fastest service, it is best to visit during the week, as it can become extremely crowded on weekends",positive,positive,0.974204957485199
It’s an amazing place for seafood lovers and I recommend you to visit especially if you like your sea food grilled,positive,positive,0.9927865862846375
Very good see food at a reasonable price. The fish is fresh and they deliver the food quickly despite the heavy crowd. There is a shop inside the restaurant that you can buy dessert. The overall experience is good.,positive,positive,0.991567075252533
"This restaurant is easily one of the best if you want to eat sea food . We tried Hamour Grill 1.3kg , Salmon grill 300gram , prawn 250gram , Chicken briyani , Chiken kebab . All the foods were 5 out of 5 . Highly recomended",positive,positive,0.9903428554534912
"The mall is open BUT there are no shops or retail, other than a coffee shop. The place has children's entertainment only (for now). The mall has a nice feel and some amazing decor, replicating European streets. But needs more time before stores and food court is opened.",positive,positive,0.7252163290977478
"Not much to do but go for a walk & get some entertainment by the fish our go outside for a mini water show. Too bad they don't have enough stores or boutiques to visit again. None of the cafes have alternative milk or vibe with good music or customer service. Inshallah it will improve again, like the supermarket and more of a mall than an abandoned building mostly just for kids.",negative,negative,0.5736179351806641
"It is a very well decorated mall but there is not much to do as most of the shops are empty, no play area or active restaurants. The acquirium is nice You can go and have a good walk and take nice snaps but not more.",positive,neutral,0.5955769419670105
"While it has an aquarium, ice skating rink, and an indoor boulevard with an LED-screen ceiling, this mall does not have proper shops and is best for quiet walks down empty corridors. It seems frozen in time from when it was built.",negative,negative,0.5536494255065918
"I wanna talk about important experience that the mall should notice, Me & my family were going outside when my dad fell of the stairs, the stairs where people sit have no lights or barriers. Until now my dad injury is still there. You should put ENOUGH lights and barrier so people can notice it!! On the positive notice we went to first aid and the security Allah bless him was really helpful and covered my dad injuries and give him medicine. The mall has almost noting, it’s nice to walk but there is no shops. There is aquarium which didn’t have much, and kids playing area.",negative,neutral,0.6955430507659912
I’ve eating Palestinian food on many different occasions but the food I’ve eaten at Palestine Nights is far on top of my list now. It was so delicious that we have eaten here on 3 nights so we could try different dishes. Musakhan rolls are the best. So it’s the Royal Quozi with lamp meat. And best drink ever - mint&lemon limonade! I’m definitely coming back to Bahrain just to eat here again ;-) Decorations represent the beautiful heritage of the Palestinian culture and it’s people. Staff is kind and very helpful.,positive,positive,0.9925522804260254
"A beautiful, soulful dining experience. I tried the Musakhan Fatta and the grilled chicken wings, and both were excellent. The fatta was comforting and full of flavour, with crispy bread, tender chicken, tahini, pine nuts and fresh pomegranate that added a lovely balance. The chicken wings were juicy and perfectly grilled, smoky on the outside and very satisfying. I also had the homemade lemon mint drink, which was incredibly refreshing and the perfect pairing with the food. What really made the experience special was the atmosphere. At one point, the staff came together and performed a traditional Palestinian dabke dance, holding each other by the shoulders and moving in rhythm to the music. It felt authentic, joyful, and full of heart. You could really feel the culture and pride behind the place. Great food, warm hospitality, and a genuine cultural experience. Highly recommended if you’re in Bahrain and want something memorable.",positive,positive,0.9919073581695557
"Absolutely amazing experience! ⭐️ The food was authentic and full of flavor, every dish was perfectly prepared. The service was warm and attentive, and the atmosphere truly captured the spirit of Palestine. Highly recommended and will definitely visit again!",positive,positive,0.9926436543464661
The place is so beautiful and clean 💙✨,positive,positive,0.9919508695602417
"Great for group or pair dining. Food is very good with authentic blend of flavors. The wait staff are very accomodating and nice. The mixed grill is tasty, and i recommend the fatoush salad.",positive,positive,0.9923730492591858
"I recently visited Coco’s Cafe in Bahrain with my family. The food was excellent, and the presentation was beautiful. It’s easy to see why the café is so popular. However, the customer service did not match the quality of the food. The staff taking our order came across as rude, and the lady managing the seating was not very welcoming either. Since the café was very busy, we understand there would be a wait, but we were asked to stand near the men’s and women’s washroom area, which was uncomfortable and not the best place for guests to wait. I genuinely believe this place has great potential because the food is outstanding. I hope the management focuses more on improving the customer experience and staff hospitality, as it would make the overall dining experience much better.",positive,negative,0.9179126024246216
"We visited Cocos on a busy weekend (Thursday) to celebrate my husband’s birthday. Since they don’t take reservations, we had to walk in, but luckily we got a table fairly quickly even though the place was completely packed. The service was really quick and impressive. The food was okay-ish for me — not something I absolutely loved — but the service truly stood out. I had planned a surprise cake, and I loved it! The team managed to pull it off beautifully, which made the celebration extra special. I’d recommend visiting during the daytime to enjoy the beautiful ambience. Overall, I liked the experience.",positive,positive,0.991943359375
"So all the great stories about Coco's are true! Definitely a delightful dining experience, with great service, excellent fare, relaxing music and tasteful decor. Especially grateful to Akila and Eunice along with the rest of the awesome staff who made our first time visit to Coco's memorable. Outdoor and indoor seating available. The hostess was quick to help seat us and I will recommend this gorgeous cozy cafe and definitely visit again.",positive,positive,0.9930591583251953
"reasonable prices and nice atmosphere however the food could be a lot better, there is a strange seasoning in the ( beef tacochitos) that is taking over the flavour of the whole dish we loved the chicken caesar salad risotto is a bit too cheesy for those who like it 🫶🏼",negative,neutral,0.44176459312438965
"I was disappointed with my experience at Coco’s. We had to wait about 30 minutes in the heat just to get a table. After we were seated, no one came to take our order or even ask if we needed anything for quite some time. We ordered three main dishes. The Alfredo pasta turned out to be the best dish we had. The other two dishes—the grilled chicken and a rice dish topped with chicken breast and a generous amount of red sauce, which the waitress both recommended and described as their best-selling dish—were very disappointing. The grilled chicken consisted of layers of mashed potatoes, grilled chicken, and a generous amount of mushroom sauce. The rice dish followed the same idea: rice topped with chicken breast and plenty of red sauce. Both dishes felt like they were built around covering dry, unseasoned chicken with excessive sauce. While the presentation looked appealing, the flavor simply wasn’t there. The chicken was dry, lacked seasoning, and neither sauce was enough to make up for it. Overall, the service and the food did not meet my expectations. Unfortunately, I don’t think I’ll be returning.",negative,negative,0.9707621335983276
"It's an ok place, quite smelly I must say. They have a place where people can sit and eat too away from where the animals are kept. If u want to feed the animals also u can do so but u need to pay. They do give u the things that u can feed their animals with. We went on a school trip so the kids did enjoy seeing the animals there.",positive,positive,0.7151399850845337
"Really cool place to take the kids and feed animals They have good variety of animals such as camels, horses, cows, deers, etc",positive,positive,0.9891218543052673
"Tasneem farm, a great place to visit on a family or friend’s outing. The place is clean and well maintained. Ofcourse it’s sad to see animals caged, but animals look well fed and taken cared here. They also have restaurants and serve snacks to munch on. My family and I enjoyed a lot. I totally recommend this place.",positive,positive,0.9918515086174011
"I was surprised that such a small zoo could have so many different animals, including large mammals like oryx, camels, zebras, cattle, horses, and deer, as well as smaller animals such as turtles, rabbits, sheep, and guinea pigs — and even crocodiles and porcupines. What stood out the most was the incredible variety of birds, including ostriches, various parrots, and even owls. The entrance fee is 1.1 BD, and visitors can also purchase carrots to feed the animals. In terms of diversity, it is a great place for children to learn about animals, especially species that are not native to Bahrain. However, the actual space allocated for each animal is very limited. Dozens of birds are crowded into dark cages, and many animals appear overheated, panting, or lying motionless in extremely confined areas. Many animals look very depressed and unhealthy, making it clear that this is not a place that respects animal welfare.",positive,neutral,0.6026334762573242
"Kids had fun, however the animals seem under fed, and the cages are too small. The deer was injured and the ostrich was doing its mating dance... very sad. Overall, the place is safe for kids to roam and feed the animals...",neutral,negative,0.7086372971534729
I visited in January 2026Good food clean dining but simple. This is eating place. Very good test. High quality food. Average prices perfect experience.,positive,positive,0.9892622828483582
"The restaurant is well known in Bahrain. Food is good but not that great, rice is bit dry and fish need some more spicing. Service is good but the waiters are bit busy. The atmosphere is okay and spacious. Food arrives quickly, in ten to fifteen minutes and they have variety of menu items to please everyone. Prices are within range and good for the food quality and the cuisine.",positive,positive,0.7520401477813721
The restaurant is very big and the staff were welcoming and the service was fast. The Shari grilled was delicious. The grill shrimps was amazing and tasty never has the same flavor elsewhere but the nashif shrimp lack flavors I did not like it,positive,positive,0.9023752212524414
everything is perfect even the employee offerd us wifi even tho its not a included service ive seen other posts about rhe food but the food tastes amazing my only opinion is about the fried shrimp it looks different but still tastes good,positive,positive,0.9915698766708374
Was super excited to have fish in Bahrain but my experience was not up to the excitement expectations. Fish was dry and without any flavor,negative,negative,0.8628683686256409
Food was ok. Salad has excess dressing. The shrimp dumplings were so greasy. The shredded beef sliders we good but the beef ingredient could have been much better selection. We stayed outside and weather was nice but so many mosquitoes ruined our dinner. Inside was smelling tobacco much which I don’t like.,negative,negative,0.6940333843231201
"Our first time at Trader Vic’s Bahrain was truly memorable. The service was exceptional from start to finish the staff were warm, attentive, and made us feel very welcomed throughout our visit. They regularly checked on us and ensured everything was to our liking, which made the experience even more special. The food was amazing, with a special selection that evening. We enjoyed a variety of dishes including steak, fillet, tenderloin, lamb chops, and steamed chicken dumplings which were absolutely delicious. Even the wine recommendation was thoughtfully adjusted to our preferences. The restaurant itself is very aesthetic and has a great atmosphere, and overall it’s very affordable considering the quality of food and service. A beautiful experience with amazing staff we will definitely be coming back again.”**",positive,positive,0.992605447769165
"The food was amazing, and I absolutely loved the staff there. They were so kind and genuinely heartwarming. A lot of them were very attentive to me and my mom, and the way they treated us made us want to come back the very next day to eat there again. Honestly though, the singer’s voice wasn’t great. Maybe it fits the vibe of the place, but to be honest, we didn’t like her voice at all.",positive,positive,0.9834059476852417
Amazing place for dinner and amazing vibe Nice cocktails Inside Ritz Carlton,positive,positive,0.9922892451286316
"Been visiting trader Vic’s for the past 25 years. Don’t think have experienced worst food that what we did last night. The starters which were steamed dumplings and some Thai salad were alright, nothing great but the main dishes were unbelievably terrible. I normally order more of the starters and maybe chilli hammour or chilli tofu which mostly always turn out the same and acceptable , nothing that would remind you of them the following day. However the 3 new dishes we tried last night were each worst than the other in terms of flavor. 1. Crusted sea bass. Zero flavor, I would say not even enough salt with some kind of a terrible flavorless green sauce. 2. Indonesian yellow curry, absolutely nothing of the oriental spices in it , no aroma no flavor. 3. Chilli beef. Just about made it. The beef felt like it was coated with a ton of some kind of flour or cornflour which you could taste apart from the beef. Crème brûlée, thick and almost dry as if been sitting there for days to be torched and served Very disappointed. The only nice thing was the weather and sitting outside with lovely palms and lights. 10 June 2026 Wanted to write another review but seems I can only edit the old one. Went to the brunch on Friday 5 june. Great atmosphere, great job done by the Lavida dancers to entertain the public, lovely atmosphere with the crowd , good music , terrible food as usual. The food on the cheffing dishes was tasteless and cold and the chops dry. The pasta station had run out of pesto sauce so pasta was being offered with white sauce or red sauce. Who serves pasta like that in a 5 star place? . Red sauce white sauce and mixed sauces are for food courts chains like Mrs Vanellis. Why is it so hard for Trader Vic’s to improve on the food. Change the chefs.",negative,negative,0.9547973275184631
The food the super good and the prices are also good. The service is faster than any major restaurants in the area. Very small area for many people to fit in but in general it’s excellent restaurant. I recommend it.,positive,positive,0.9926236867904663
Tasted mutton neck barbeque and mutton kebab. The taste was good. Always crowded. You have to wait for 30-40 mins to get your food. First they will do the bill and serve. Best place for Arabic food.,positive,positive,0.9686740636825562
"The most Yemmy Iraqi Mixed Grill I have tasted ever. Chicken Tikka, Mutton Tikka, Chicken Kabab, Mutton Kabab, Mutton Wings (Reash), Hummus, Mutabbal & salads are special taste. Especially Grilled Mutton Neck😋😋👍👌",positive,positive,0.9882705211639404
"Excellent delicious food with fast service, one of the most popular dinner spot. Highly recommended",positive,positive,0.9921212196350098
1 of the best tasting Gill meat I've had in Bahrain.,positive,positive,0.991157591342926
"668 Cafe in Busaiteen (Al Sayh) is a trendy, contemporary spot known for its unique beverage lineup and efficient service. It has built a strong reputation in Bahrain, particularly for its ""668 Signature"" coffee, which many locals consider a must-try for those who enjoy sweet, flavorful drinks. Menu Highlights and Taste The cafe stands out for its creative drink menu. The 814 drink, originally famous as a hot beverage, is now widely enjoyed in its cold version featuring a unique salted caramel foam. Other popular choices include the Iced White Mocha, Matcha Berries, and various refreshing energy drinks like the Passion or Berries Energy poured over ice. For snacks, their Kinder Joy cookies and cheese croissants are frequently praised by customers for being fresh and delicious. Atmosphere and Service The Busaiteen branch is often described as having a cozy and upscale vibe, though it can get very crowded during peak weekend hours. The staff is generally recognized as professional and friendly, often managing to provide fast service even during busy periods. While the cafe offers outdoor seating and a drive-through, some customers have noted that the interior can feel a bit small for the number of visitors. Considerations One thing to keep in mind is that many of their signature drinks lean towards the sweeter side; if you prefer a less sugary taste, it is recommended to request ""less sweet"" when ordering. Prices typically range between BHD 1–5, which most find reasonable for the quality and brand standard. Talabat Would you like to know more about their operating hours or see the full delivery menu available on Talabat",positive,positive,0.9566104412078857
Delicious delivery place. You may order pick up & they bring to your car. So I went inside to try what they have. Delicious with many kinds of alternative milk. Shall return again inshallah.,positive,positive,0.9871473908424377
"Not sure I'd call it a specialized coffee spot, but their signature coffee did taste really good to me. The downside? The price - 1.8 feels like a rip-off given the small portion, especially with competitors offering better value. Good taste, but I wouldn't go back.""",positive,positive,0.9431639909744263
"Me and my friend went to the branch in busaiteen, we waited for 45 minutes, one guy took our order and never came back. And they all kept on ignoring us while going to the other cars nearby, regardless of us calling multiple times, no one came to check or even confirm with us that our order was placed. It was disappointing considering we loved this branch, it was very disrespectful",negative,negative,0.9684929251670837
Waiting more then 10 minutes to take order no one outside all of them inside how bad the customer u have,negative,negative,0.9805989265441895
"Yummmm I am in love with the crispy shrimp salad 1000/10😍😍 The mushroom burger was nice too 7/10 Crispy chicken tower was great but too sauce I would prefer to have it with less sauce 8/10 Special thanks to Micheal was very friendly and helpful, he makes sure to serve us the food the way we like and brought extra sauce so we can enjoy our salad on every bite👏🏻 Overall, It was a really good experience and I am going again to try the rest of the menu❤️!",positive,positive,0.9926009774208069
"One of my favorite stops for dinner. Their menu is unique, the dishes are full of flavor and very well balanced! 😋 The prices are also very reasonable for the quality and portion sizes, I would say around 10–13 BHD for two people. The staff are always welcoming, friendly, and consistent 🤍 I definitely recommend the short ribs therapy, lemon spaghetti, and the corn salad!",positive,positive,0.9921740293502808
"The food was absolutely delicious! I went with my family, and we ordered five dishes. My favorite was the Hot Wild Shrimp it was incredible, and the sauce that came with it was phenomenal. The Stopless Chicken Bites were good, though not my favorite, but they were a great appetizer. The Pretzel Chicken Burger was also delicious. We also ordered two beef burgers that I didn’t get the chance to try, but judging by everyone’s reactions, I’m sure they were great. I also tried the passion fruit drink. While it wasn’t bad, it was a little too sweet for my liking. Considering the price, I was hoping it would include fresh passion fruit or at least some real passion fruit seeds, which would have made it feel much more worth it. The service was excellent, especially thanks to our server, Waleed, as well as the rest of the staff. Everyone was friendly, attentive, and did a great job.The only downside is that the restaurant is a bit small, so some of the seating feels crowded. Larger groups may need to split across two tables, especially when the restaurant is busy. Overall, I had a great experience and would definitely come back!",positive,positive,0.9920262694358826
"Fantastic food and ambiance! First and definitely not the last time coming here. Staff service was elevated, seamless and very polished!",positive,positive,0.9923998713493347
"Whenever I’m confused about where to eat and what to choose, this is always my go-to place with my best friend 💕 We share a juicy burger 🍔, a fresh salad 🥗, and a refreshing juice 🧃. Their tiger shrimp 🦐 is our absolute favorite – a little spicy but so delicious 🔥😋. The service is always excellent 🌟 and the atmosphere is warm and lovely ✨ Highly recommended! 💯",positive,positive,0.9925264120101929
"If you’re looking for a breakfast spot that instantly puts you in a good mood, Tasneem Farm is the place. The weather was perfect, and having breakfast surrounded by nature felt so refreshing. We ordered foul, tomato and eggs, shakshuka, balaleet, and labneh with honey. The tomato and eggs were my favourite, the foul was really good, and the labneh with honey was such a tasty combo. The fresh bread made everything even better. The only letdown was the black tea, steeped for too long therefore was bitter. After eating, we walked around the farm, saw the animals and birds, and enjoyed the peaceful vibe. Definitely a lovely place for a relaxing traditional breakfast.",positive,positive,0.9874936938285828
"A fantastic spot for lunch with a spacious seating area both indoors and outdoors, surrounded by lush greenery. The place offers a charming ambiance with unique touches like pottery displays and traditional decorations. A well-maintained small zoo adds to the experience, where the soothing sounds of chirping birds create a delightful atmosphere.",positive,positive,0.9905217885971069
"Oooo, nice food, much better than old restaurant. Ambient is not that good, old one was better - had more charm. But you always can have fun and good feelings in the zoo. Zoo always has different animals 😊 And very affordable price range (4 people eat very nice meals for 14bd!)",positive,positive,0.9915215969085693
"Very nice place for breakfast. Veg and non veg options available. Soft Bread, omelet and falafel are tasty. ,Tea, coffee, karak,, saffron milk and other options available. Big sitting area, inside and outside also. Greenery, small zoo, pottery, and decoration are it's attraction. Zoo is also maintained. Birds chirping in zoo area gives lovely feeling. Parking available.",positive,positive,0.9851529598236084
"We follow google maps (it’s accurate by the way) and it leads us to @tasneemfarm which offers not just local authentic meal but a variety of activities you can do around the farm. They have a spacious restaurant(indoor & outdoor), a hydroponic and land farm(where you can buy fresh fruits and veggies), zoo and kids play area. This place is highly recommended especially for families and big group. The food was amazing! the price is good and the serving is too generous that we couldn’t finish the one we ordered. We cannot wait to try our breakfast here as they highly recommend it. This is a place to be if you want to be at least relax away from the busy street and highway of Bahrain. Feels like a retreat house. This place is good especially during winter. They have a good parking area so don’t worry. Come and visit the place and see for yourself.",positive,positive,0.9839116334915161
Prawns and Yogurt Tikka are the best. Chicken kebab were burnt so i asked them to replace them. Chops were over cooked and chewy.,positive,positive,0.7926211357116699
One of the best restaurants that serves tikka lumi in Bahrain! So deliciously cooked and full of flavor. I highly recommend it. 👌🏼 Place is clean and not very crowded during week days. Service is good.,positive,positive,0.9926689863204956
Honestly one of the best lamb chops I ever had in my life and im not exaggerating. I ordered another plate from how good that is. Definitely worth trying if you are wanting something reasonably priced and good quality.,positive,positive,0.9917437434196472
Best Chicken Tikka ever had in Bahrain 👌🏼(should try) Lamb chops also amazing Service have to be improved The taste is mind blowing Home delivery available 📞17676559,positive,positive,0.9912601113319397
"I ordered food, the service was amazing! The staff were looking forward to help us and it was an amazing dining experience!",positive,positive,0.9926041960716248
"When it comes to fast food that stands the test of time, the _oldest and most beloved local spot_ isn’t just serving meals—it’s serving nostalgia with a side of fries. This iconic eatery has been flipping burgers and winning hearts for decades. What sets this place apart is that it _doesn’t try to be trendy_ —and that’s exactly why people love it. The menu is simple, the prices are fair, and the flavors are great… it’s JASMIS..",positive,positive,0.9855603575706482
"Local burger brand that offers really delicious fast foods. They offer both Chicken, Beef and veggies fast food meals. I love the mighty chicken as it’s crispy and spicy.",positive,positive,0.9910996556282043
Very bad service and staff unprofessional they give us the order messy and when we request to fix it he staff a manager was very rude and refuse they state the order service like this !!!! Staff name Ken Manger jaffer,negative,negative,0.9819600582122803
"Have visited Jasmi’s after a long long time and keeping the same taste and expectations in mind I was totally disappointed. The patty and the sauce doesn’t taste like how it used to be. Very dry. Sad to see a famous brand lose its reputation. The staff and ambiance was great. Accepts card, cash and major digital wallets. I don’t think I will be visiting again.",negative,negative,0.9714142680168152
Try apple pie with vanilla ice cream 😋,positive,neutral,0.8155581951141357
"Sure, it smells a little bit dirty around the tables and there are always lots of flies flying around. But given that this is an open-air type of food stall, this is to be expected and should be tolerable. Assuming this is a classic type of # shawarma in Bahrain, the larger, softer, chapatti-like bread wraps chicken meat and cabbage stuffing. As there are several liquid sauces on the table, it can be arranged to according your liking. That's why it tasted a little bland straight from the kitchen. This is one of the facts that comes from its long history.",negative,neutral,0.6909962892532349
I have tried so many places but this place is very professional to listen to their customers and always make the order as per customer requirement they are amazing their food is amazing the only problem is there is no parking but if you take a taxi that will be the best way to go there highly recommended must try place one of the greatest Sharma in the kingdom I love it and I always take my family members here as well also my friends the... best Shawarma in the kingdom,positive,positive,0.9897672533988953
Double check your order here—they served us one thing and billed us for another without any explanation. Be careful!,negative,negative,0.7872461080551147
Outstanding schwarmas here! Her a large and a lemon mint drink and you won't be disappointed! I will absolutely be back again!!!,positive,positive,0.9927423000335693
I will come to it next time it is very good,positive,positive,0.9909265041351318
I perfect the sixteen piece buckets. The bucket is so hot and fresh and l get my order at time and the service also good .,positive,positive,0.991633415222168
I make order for the chicken.. l get my food what l expect fresh and hot.. thank you kfc,positive,positive,0.9217466711997986
I came this branch first time because my friend suggest me here he tell me this branch is good in the service and fresh food.. This is true l order the family bucket l get fresh and hot food to be honest this riffa branch is best in the service and food.. Thank you kfc😍,positive,positive,0.9834310412406921
Bad service the staff was shouting on us,negative,negative,0.9814943075180054
"The worst service I have ever experienced from KFC. The staff were unprofessional, the service was extremely bad, and there was no proper attention to customers. This experience was very disappointing and far below the standards expected from a brand like KFC. I hope the management takes this seriously and improves the customer experience in this branch.",negative,negative,0.9823686480522156
"This is a nice and quiet coffee place at Zallaq to spend a relaxing time with friends. The coffee choices are very good, and the other drinks are alright too. The staff are nice. Not many people frequent during the weekdays. There are mostly students working on study projects or doing homework there. Parking is usually available at Gravity Village.",positive,positive,0.9866023063659668
I really like the Dose Pistachio Latte. l order it less sweet and it was perfect. halloumi sandwich was okay And the inside and outside sitting area is very huge and organize very nicely. For those who asking about the price see the below photos for the menu and pricing.,positive,positive,0.9807486534118652
"Such varierty of perfectly blended coffees and mocktails The interior decor is fascinating, very simple yet elegant. I love the tree in the Cafe. It feels like a tribute to the tree of life. The outdoor seating is also good. The one place Im OK with for not having a drive thru. All must go in and admire the interior decor.",positive,positive,0.9909342527389526
"Rising through the ranks at a rapid rate, Dose Cafe is becoming one of the most prominent coffee joints in Bahrain. My first escapade into the world of Dose Cafe happened to be about a month ago, at the Zallaq branch. The cafe decor is very chic and has a certain aura to it that alleviates ones' mood. Walls are simplistic with scientific formulas all around, probably to convey the message of how ""science is involved"" in creating the perfect coffee. Which they do. Dose Cafe offers a wide range of products from Cappuccino, Latte, Espresso, Freez drinks to the traditional Coffee. Their best sellers include the Iced Dose Nuts & Pistachio Latte; latter of which I had ordered on our first visit along with Berry Freez. ""Is it worth that hype though?"" Dose has a motto that goes along the line of ""Never Overdose"", I suppose it rings true in a sense, because with every dose of the Iced Pistachio Latte I got evermore close to ordering it again & the sheer reality of how good this Latte really is. We all know too much of anything is bad, especially caffeine, and that's why the quantity is on the low side, however, the quality well and truly makes up for it. This drink is astounding, and to answer my question earlier... ""Yes, it's worth that hype and then some"". Fast forward to December and I just tried the Hot version of it, which is even better than the Iced. I know I know, all I've been talking about is the Pistachio Latte so let me delve deeper into their offerings with two other drinks - Spanish Latte & Berry Freez. The Spanish Latte is...well just like any other Spanish Latte on the Island, it really doesn't do anything special other than ticking all the boxes. Berry Freez on the other hand is delicious to the core and perfectly blended, though I believe it's not a fixed berry as we got Blueberry Freez on our first visit and Raspberry on the next, former was way better than the latter. Dose Cafe debuted in mid-2016 in Kuwait so it's still relatively young and expanding in GCC. Take your next caffeine dose at this cafe you won't regret it, but remember to never overdose. Disclaimer: Pictures are of the new branch in Adliya, Block 338. Did not snap the Zallaq branch as it was too crowded.",positive,positive,0.9510263800621033
"I am a regular customer who truly appreciates the welcoming environment your café provides. It has always been one of my favorite places to study and work. However, during several recent morning visits, I encountered a new staff member whose attitude felt unwelcoming. She appeared visibly rude, avoided smiling, and responded to questions in a way that made me feel uncomfortable, almost as if I were a burden. This behavior does not reflect the warm and professional service I have come to expect at Dose Zallaq. Because of this, I have started spending my mornings at your neighboring Illy Café instead, and I have already shared my experience with friends to discourage them from visiting Dose Zallaq during the daytime.",positive,negative,0.8718774914741516
"Still in shock at the quality of the sliders in Jasmi’s Bahrain. Not only was the packaging great, the product was excellent! The need and the bun was not of a fast food restaurant but more a casual dining restaurant. Personally I would pay more for them however I am glad of the price. Maybe a little less mayo and a different flavour mayo would be ideal however I really loved them! Great job",positive,positive,0.9867896437644958
"Easy access, good location, ample parking. A large selection of food, service ok. However, there is no ongoing cleaning of the tables. Unfortunately, not all customers clean up after themselves, and the service can be found only behind the sales counter.",neutral,negative,0.8654378056526184
Jasmi's is a coffee shop located near Anna-Maria club and is a very nice place for morning coffee and breakfast.....The place offers a good morning meal for just 1 BD which comprises of Beans...Scrambled egg...chicken or beef patty as well as butter toast ...along with a karak tea or coffee.... Apart from this it also has other menu which is quite good as well as reasonable...The place has ample seating provision and has great ambience... A very reasonable and nice place...Loved it ...,positive,positive,0.9903153777122498
"Excellent location, for grab and go... For dine in it has to much food smell.. Like you can't eat and go for work or meeting afterward... Maybe problem with ventilation... If the weather is good and u are lucky.. Outdoor is a good choice",neutral,neutral,0.45948922634124756
"Seems like the quality and taste has gone down, while prices are high. Bought a cheeseburger and felt it was just ketchup loaded sandwich with 2 slices of pickle and dried thin patty of beef and cheese. Yakitori chicken was a joke. For bd 1.4, the the quantity was so small! Even the sales person advised that portion is bad. Chicken didn’t taste fresh too. Totally disappointed with the experience. Rating 3 star just for the happy and smiling staff’s at jasmi’s!",negative,negative,0.9685376286506653
"Had a wonderful dining experience at Fresh Kitchen! The food was delicious, and the service was excellent. Special thanks to the team for the amazing Stuffed Chicken—it was absolutely delicious, perfectly cooked, and full of flavor. Highly recommended! I will definitely come back again. 👌🍗",positive,positive,0.9925519227981567
Food was good. But the prices were much much too high for the location and setting of this establishment. Charging prices for Manama restaurants when it’s hidden behind a prison and located in the midst of warehouses etc. such a shame. A real shame.,negative,negative,0.9578129053115845
"sitting, atmosphere is good , food is also good, just add some dishes in dinner, specially in vegetables,like sarson ka saag, bhindi, palak, black chnaa, anda piaz,arvi, and tori, and kindly stop aalo gobi and mix veg every second day. and also stop adding achaar in mix vegetable. and we request to the owner to talk the staff about good behaviour with customers.. thanks alot",positive,positive,0.9554571509361267
"🚨 TW: Food poisoning! This was, by far, the worst restaurant experience I have ever had and one I genuinely wish I could erase!!! We ordered the kheema and chapli kebab. The kheema was so absurdly spicy that my stomach started reacting after only a few bites. Hoping the kebab would be better, I switched to it, only to discover it was burnt on the outside and RAW inside. Completely unacceptable! By this point I started feeling genuinely unwell. I told the waiter exactly what was happening and asked for a simple cup of yoghurt to try to settle my stomach. Despite knowing the situation, they still had the audacity to charge me for it. What a SHAMELESSNESS! That tells you everything you need to know about how little they care about their customers. To make matters worse, the prices are outrageously high for food of this quality. As we were paying, I noticed uncovered bowls of salad and raita sitting near the entrance in the heat. 🤢I will definitely report it to Ministry of Health’s Food Control Section. When I got home, I spent the entire night suffering. This terrible establishment has permanently lost my trust. I wouldn't recommend it to anyone, and I will make sure my all acquaintances hear about this horrendous experience before they decide to eat here!",negative,negative,0.9825844168663025
"Unprofessional staff. We complained about undercooked chicken pieces and he came back to tell us that it is not possible, while there were pieces of undercooked chicken thigh in the chicken karahi in front of me. Visit fresh kitchen if you can’t afford desi dastarkhwan (DDK) or if you would like to get ignored by the server.",negative,negative,0.9648526906967163
"Exceptional coffee quality, knowledgeable/friendly baristas, great , delicious food/pastries, and top-notch, personalized service (e.g., remembering orders, going above and beyond) for a memorable, ""hug in a cup"" experience that makes I want to return❤️.",positive,positive,0.9920070171356201
"The employee who prepared my sandwich did an amazing job! It was fresh, well-made, and really delicious. Great service and attention to detail. Thank you!",positive,positive,0.9926343560218811
"This Tim Hortons deserves every star. I come here specifically for the exceptional baked goods. The Blueberry Muffin is always wonderfully fresh, moist, and tastes absolutely heavenly. It pairs flawlessly with their signature brewed coffee, which is always hot and perfectly balanced. My kids love the Chocolate Glazed Donut—it’s a perfect, sweet treat! Great value, fast service, and the quality of the pastries truly stands out. If you need a great start to your day, this is the spot.",positive,positive,0.9928990602493286
This is a drive through on the causeway and the guys working there are brilliant. Professional and always a great can do attitude ! I love this branch Recommend the sab credit card buy 1 get 1 free offer !,positive,positive,0.9928948283195496
"Danish is the best barista in town—make no mistake. The food, the service, the atmosphere—everything he touches carries excellence. His presence elevates the entire experience. Highly recommended.",positive,positive,0.9924458861351013
"I went to watch their show Senses which was truly a lovely experience. I loved the atmosphere and concept of eating while watching a show. For the night, they had prepared a special menu which you could opt for a set menu with 4 courses. It was definitely worth it. The food was excellent, very high quality and just tasty all round. Loved the greek salad, beef ribs and lamb chops. The tikka skewers were also very good as I love the strong tikka lumee flavor! Service was amazing and the show was excellent with top quality music, costumes and performers. It was a lovely experience and something unique and fun to do.",positive,positive,0.9928809404373169
This is a party place with good food and a great show. We spent Halloween there and had a great and scary time. Excellent service from the staff even though it was packed with guest.,positive,positive,0.9927247166633606
"An absolutely wonderful experience! The restaurant offered not only delicious food but also an amazing live show that made the evening unforgettable. The atmosphere was vibrant and enjoyable, perfect for both friends and family. The staff were friendly and attentive, the service was smooth, and the food was full of flavor — especially the main courses and desserts. The live entertainment added a special touch that truly set this place apart. Highly recommended for anyone looking for a unique dining experience with great vibes and a memorable show. I’ll definitely be coming back",positive,positive,0.9927760362625122
"Thank you for the wonderful experience. The food quality, atmosphere, and service were excellent. Every dish was full of flavor and beautifully presented. The team was professional, friendly, and made us feel very welcome. Highly recommended, and I look forward to visiting again soon.",positive,positive,0.9923431277275085
"The Quarry is a great spot with a lively atmosphere and enjoyable live shows. The experience felt energetic and well-put-together. Our service was handled by Jil, who was very nice and made the whole visit even better. Overall, it was a wonderful evening and I would definitely recommend it to anyone looking for good food and entertainment.",positive,positive,0.9928230047225952
"Looking good at the beginning from camera view, but the size of the burgers are overrated in the ads, the chips are kids mouth sized neither it's quality was good. Cheetos fries was the worst, the chips and the cheetos both tastes very old, wet & soft. Yeah and the Pepsi cup was filled half ice even though I said I want less Ice please.",negative,negative,0.8463600873947144
"The wait time is long, the sauce is tasteless, you have to serve yourself; no one brings your food to the table, you have to go to the cashier to pick up your order when eating in the restaurant, and you can't hear the employee calling you to pick up your order.",negative,negative,0.9314422607421875
Went there after running my first ever 10k as a treat! And it was phenomenal!!,positive,positive,0.9930201172828674
It's awesome to go there .. the all staffs are very friendly,positive,positive,0.9926913380622864
The food was great.i have eaten hardees for the 1st time ever! The offer was great for 1.3 meal with 2 burgers + fries + drink. It's good to see other brands putting competing prices so we can enjoy meals,positive,positive,0.992404043674469
"This branch honestly has the best coffee, and Camellia from the staff is sooo kind and welcoming🤍🤍🤍🤍🤍",positive,positive,0.9928449988365173
"I was quite disappointed with the atmosphere at this place. One of the female employees frequently sits outside with a group of guys, laughing and talking loudly for long periods of time. This behavior is extremely unprofessional and creates a noisy and uncomfortable environment for customers. What’s even worse is that she openly talks with them about other customers who visit the shop, which is highly inappropriate and unprofessional. For people who come to study or relax, it’s nearly impossible to concentrate because of the noise and lack of respect. Such conduct reflects very poorly on the shop’s image and professionalism.",negative,negative,0.9787386059761047
Very peaceful store. The staff was very friendly. Everyday I am visiting. Thank you. See you tomorrow,positive,positive,0.9925986528396606
I visited zallaq Starbucks I really appreciate the customer service and all the staff thank you so much for your customer service and I really appreciate to irfan he gives me good service thanks a lot I really enjoy,positive,positive,0.9925872683525085
"During my first visit to this branch, I purchased coffee. Anita, who assisted me at the window, kindly offered food. Although I was not hungry at the time, her warm smile and positive attitude encouraged me to make a purchase.",positive,positive,0.9857434630393982
I got my pan pizza undercooked I was eating raw dough I had to throw it since I don't have an oven to cook it all the way through,negative,negative,0.9451325535774231
This Pizza hut is empty always. Most of the people order online it seems. They have many tables for Dine in. The staff are not that welcoming. They have STC offer for some pizzas 🍕 only. Some pizzas are excluded from the offer. Very expensive. Time taken to prepare order is almost 20 minutes.,negative,negative,0.9617220163345337
Sanad pizza hut is amazing experience and dining good service by cashier,positive,positive,0.9924193024635315
Very good services and I like the pizza hut sanad store Thank you,positive,positive,0.9924911856651306
The staff are very friendly my order serve on time and so good,positive,positive,0.9922084212303162
"My rating for this cake is average. I expected the pistachio flavor to be stronger and more noticeable, but unfortunately it was quite mild, even though the color was clear. On the other hand, the chocolate flavor was more dominant. Overall, this experience didn’t meet my expectations, especially since I usually order from you from time to time. I also feel that the price is high compared to the quality of this cake. I hope to see improvement in the future.",negative,negative,0.8335349559783936
"Cafe Lilou in Bahrain is truly a gem. From the moment you step inside, you’re transported into a charming Parisian-style atmosphere that perfectly blends elegance and warmth. The décor is thoughtfully curated, with intricate details and a vintage flair that gives the entire place a unique personality. It’s the kind of spot that makes you want to linger a little longer. What really stands out is the level of service. The staff are welcoming, attentive, and professional without being overbearing. Every interaction feels genuine, and they go the extra mile to make sure your experience is seamless and enjoyable. The ambiance strikes a great balance—lively without being too loud, making it suitable for anything from casual catch-ups to special occasions. Whether you're seated indoors surrounded by the cozy vintage decor or enjoying the fresh air outside, the vibe is consistently pleasant. You can tell Cafe Lilou puts thought into every aspect of the guest experience. It’s not just about food or drinks—it’s about creating a memorable moment from start to finish. It’s a place I look forward to returning to, and I wouldn’t hesitate to recommend it to anyone visiting Bahrain or looking for a consistently excellent café experience.",positive,positive,0.9893206357955933
"I have had a really bad experience with them! Lately all the design cakes I ordered from them came back not matching what I requested, and with lots of issues! Either dirty base, or dark color printings or very cheap imitations to the original requested designs! Not the initial Lilou Bakery standards we are used to at all! It’s very frustrating! And instead of compensating us or trying their best to fix the designs or even apologizing, we have been told their chef is angry because we’ve been complaining and asking for changes 🙃 !!!!!!!!",negative,negative,0.979454517364502
"We ordered pasta and some other dish suggested, IT WAS HORRIBLE! 2/10 But the staff was very good! Ambience is amazing? But guys, please don’t eat their pasta , I wasted my 20BD! Horrible! I wanted to ask my money back, but the staffs were too good, dint feel to hurt their emotions!",negative,negative,0.9672661423683167
"The moment I tried their famous special French toast, this very delightful dessert, I was met with the perfect blend of chocolate & hazelnut-rich decadence. It is like a warm hug from your favorite childhood memory. The balance of sweetness was spot-on; not too sugary, allowing the nutty notes and rich chocolate to really shine. And it is served slightly warm for the feeling of absolute heaven. It’s one of those desserts that invites you to pause, savor, and maybe even do a happy little dance. But as for the Brownies mug, i didn’t like it that much maybe it was only my experience 😅😁 As for the food, very delicious and the portions are perfect & ideal…",positive,positive,0.9861869812011719
"The food at Blue Beach Restaurant is actually good, but the service completely ruins the experience. They take a very long time to serve, and the staff are rude and unresponsive. Even if you call someone, they don’t come right away. Good food, but very poor service.",negative,negative,0.9805130958557129
"Once a place of great value, now an overpriced cost cutting one (waited 1 hour)",negative,negative,0.9404974579811096
"The restaurant's delivery service is very slow, two hours is a long time.",negative,negative,0.9779416918754578
"This restaurant are best on serve a Burgers and Fried Chickens, but for sure the hamburger is first option try it spice you gonna thank me later 👌",positive,positive,0.867728590965271
The delivery took 30 minutes but the delivery guy was a bit rude to be honest but I got the food and it tasted spectacular,positive,negative,0.4371565878391266
The spicy broasted chicken is exceptional! Really good flavour on the Pizza Maki as well.,positive,positive,0.9899985194206238
"Tried broasted chicken and hummus, chicken were soft and tasty and hummus was amazing, it is super delicious. I had super avocado as a drink, it is really super with the nuts and fruits. It is been awhile since I tried Bird Palace food and will never ever let it pass that too long to order again. Great food and lovely avocado juice. Will definitely order again and again soon. Thank you Bird Palace team.",positive,positive,0.9925876259803772
Good place to eat affordable rates and many more dish to eat with tasty food items and best environment,positive,positive,0.9844116568565369
I ordered some snacks from here. The taste was not too good. It's just worth it. Sandwich bread is too dry.,positive,neutral,0.6581354141235352
To much delay need to improve order make fast ⏩😶,negative,negative,0.578269362449646
"A different vibe compared to the old days where the place was jam packed and I much prefer it for that! Quiet, with surpise animal friends popping in and around you. Love the scenery and the gym which still contains relic nautilus next generation equipment, which beats most if not all new equipment, is great to see! I come here to unwind and have a walk and use the gym.",positive,positive,0.9846183657646179
"I have read a review on google about The Country club. It was bad. But me and my wife decided to still try it out since we came year for the past 19 years. My review… pathetic!!! Poor service, ordered lunch, they bring the wrong food. And there were only 5 people in the restaurant, we were the only ones ordered food. Waiter never came to ask is anything, I have to get up, searching for him, and still no one in sight. It is a shame. No management on duty. You will never see this South African again STAY AWAY!!!!",negative,negative,0.9790121912956238
"Updated to 4 stars as cleanliness improved, and food is very delicious! —————— 3 stars might be a bit on the lower side for this place, but mainly the cleanliness and ventilation are what dropped the rating. It’s open all year around and serves good food (including pork), draft beer, and other alcoholic beverages. Pork ribs are excellent, grilled chicken is delicious, and steaks are great. Downsides of the place are the cleanliness and the old setting (chairs, tables, bar, ashtrays, etc), ventilation which must be improved, and better maintenance of the whole place.",positive,positive,0.9826436638832092
"Today is March 20 and we visited this place during Ramadan and we come here often during Ramadan even previous year Entry fee is 3bd for ewch person, The place is huge and they have pool and also stable for horse and sports facilities for kids and for everyone, This place is very good during the day time ,they have segregated bar and lounge and wide seating space,unfortunately we feel sorry why this place looks abandoned ,the yards are not clean and organized ,the windows are dirty also the menu they have to change,the food is simple and the taste is acceptable but nothing makes special on it, I wish they can look after this place because really it’s beautiful and very good for vacation and also i will recommend if they have room rates will be better.so far very helpful for us",positive,neutral,0.7910658717155457
"Can someone explain me from the Ministry WHY THIS PLACE IS STILL RUNNING? service is zero, staff is zero,non of the staff speak English, food quality is very bad, can you imagine they serve soup with out any accopainment and when I asked for bread they bought me 2 pieces white slice bread and then they charge me 2 bd for it, prices are sky high. The place just need to be shut down big time con. Im surely going to raise this issue to higher authorities because is unacceptable. Plus, in the menu they never mention items they service all they write is OPEN FOOD, OPEN BEVERAGES"" now what is that suppose to mean? What a disappointment",negative,negative,0.9765823483467102
Food is delicious and prices is lower than other restaurants in the area,positive,positive,0.9835140705108643
"We ordered a bashamel pasta and it tasted horrible. You have to download an app to view the menu which is really inconvenient. There is no dine in area, there is a chair where you can sit while waiting for your order. It has a small parking area in front of it.",negative,negative,0.9768192172050476
Very good .recommended,positive,positive,0.9868466258049011
Big place with various options to choose from. Prices are very suitable but the location does not help much when it comes to taking your order.,negative,neutral,0.6990725994110107
"Morning Popular cooks, Afternoon Popular cooks, Evening Popular cooks, with reaching orders to home (by phone call) - Tel. 17795700 - Bani Jamrah - beside Boys school .",neutral,neutral,0.9719807505607605
"We had an excellent experience at Cantina Kahlo. Everything was outstanding, from the food to the atmosphere and service. The tacos, fajitas, and churros were all delicious. Specially beef tacos from the classic menu was the standout for me personally. The live entertainment added a special touch to the evening. The band was fantastic and created a lively, authentic atmosphere. One of the highlights was when the band played “Poco Loco” from the movie Coco live which caught us by surprise, which made the experience even more memorable and enjoyable. There was one small issue with our drinks. We had ordered non-alcoholic margaritas, but they were initially served with alcohol by mistake. After taking a few sips, the staff quickly realized the error, sincerely apologized, and immediately replaced the drinks. They handled the situation professionally and went above and beyond by compensating us with complimentary drinks and desserts. Mistakes can happen, and this was clearly a human error. What impressed us most was how quickly and genuinely the team took responsibility and made things right. Overall, it was a fantastic dining experience, and I would 100% recommend Cantina Kahlo. Great food, excellent live music, outstanding customer service, and a team that truly cares about its guests. Hopefully, this mix-up won’t happen again, but their response showed a high level of professionalism and hospitality.",positive,positive,0.992870032787323
"Super tasty food, had a Friday brunch, was awosem, good selections of plates, too much tasty food, freindly nice service, relaxed vibe, nice decore inside or outside. They made us more happy even, sharing with us lovely moments. Good place indeed.",positive,positive,0.9929147958755493
"I had a pleasant experience and a very delicious steak. My special thanks to Caroline for being an outstanding host. My compliments to the chef and the band, which is amazing. Their performance is so heartwarming, and I couldn't leave the minute I heard their tunes. Thanks for giving amazing memories.",positive,positive,0.9924762845039368
"Great party place or just to unwind after a long day. Food is fantastic and plenty of drink selection. Don't skip on the ceviche, it's fantastic.",positive,positive,0.9929230213165283
"Update : After posting my last review , which wasn't positive , i recieved a call from the manager and spoke to the chef . I was very honest with my findings regarding the food. They took what i said on board and was invited back for the Friday brunch . Food was amazing and the issues addressed . Service was fabulous. This has restored my faith in that one of my favourite restaurants in Bahrain is STILL one of my favourites. Saying that i am going to slighty alter my review to a more worthy positive tone. Re: Friday brunch and Saturday brunch are not the same , two levels of dining , both fabulous, costs vary slightly. We booked table of two inside , outside was available. Our table wasn't ready ( this was mainly due to the F1 that was on that weekend , and the usual Calm Cool Sat brunch was inundated with people visiting the island for the race, fair enough ) Friday our table was ready , all good....all my complaints about the food were addressed and restored to their former taste and glory. The manager and chef apologised and indeed like professionals rectified my concerns . We throughly enjoyed our day and would definitely be going back . The mariachi band was as usual....Brilliant !!! and the atmosphere alive. Well done guys .",positive,positive,0.9568164348602295
"The ambience is excellent, with a relaxing outdoor cabana setup overlooking the sea. Facilities are spotless, and even the washrooms are thoughtfully maintained with a pleasant scent. Superb food quality. The staff are consistently kind and helpful, making the entire experience feel welcoming and memorable. Highly recommended for anyone looking for a serene dining escape.",positive,positive,0.9924559593200684
Everything is good food atmosphere just that there should be a bell system or something on the curtain table side to call the waiter cuz orherwise u have to get up and go inside or shout and once when the food is served no ine will coem again to ask if u need anythign else tissue spoon fork drink etc i ordered food waiter went came with food later no drinks were served almost finished the food and got up went inside to look for waiter my self after this again when we said to have sweet after the food no one came so i had to go again inside to tell them serve the sweet pls add some bell system or something this great spot is being wasted cuz of small things these small things make the experience bad,neutral,positive,0.7539322376251221
The place is a lil difficult to find especially if it's dark. The place has ample parking. The place is great to sit and have quality time. Shesha is good and the food is good aswell. It's has both indoor and outdoor seating facing the sea. The service can become a negative point here as even though there is sufficient staffing they don't serve too well. They do accept all major credit and debit cards. Washrooms are clean. Staff Is very polite. They do not serve alcohol.,positive,positive,0.846173107624054
"A beautiful Modern restaurant in Bahrain with new idea and concept, the building is located in a newly constructed island. Awesome interior and seating arrangement, special lounges are available with an additional payment, open air seating facing to the sea and decorated well. They serving coffee, fast foods, dessert and Sheesha, and serving very quality food with high standard, very neat and clean place, I can say this is the best romantic place that you can spend the time with loved one, good atmosphear and staff and management are very friendly. Visit and enjoy your day..... I am sure you will love the place.😍",positive,positive,0.991929292678833
What can I say. I have heard alot about this place. So I had nothing to do so I went. Omg what deception. I wanted to sit in the Garden. I could not take a table right by the water as those are reserved for people spending min bd20. Errrr does it matter when there is no one and if you see the photo no one in the place? Under the tables its filthy. Under the glass of the tables its filthy. The garden is badly cared for. There is litter everywhere. Now the food the Potato skins not as described. But the Salamon amazing. Look.at the photo it tastes better than it looks. The service was not there. The location is stunning but the place looks run down or badly kept. The prices are expensive to sit in a rubbish dump. Then the furniture is damaged. Why not fix it?,negative,negative,0.9301145076751709
"Always good experience, but today the place a little bit mess",negative,negative,0.8027090430259705
"Was nice food, and frindly stuff",positive,positive,0.9657915830612183
"Bad customer service from staff I not recommend, some staff not care",negative,negative,0.9814693927764893
I thought the point of fast food was it being fast. This is the 2nd time that there would be no one on the counter and you can hear the staff (girls) chatting in the back and you have to raise your voice for them to hear and attend to you.,neutral,negative,0.7775241732597351
"One of the worst branches ever! I mean, it's the worst!. The staff need to be trained to how to deal with customers. First.. when i arrived to drive thru machine.. i repeted my order maybe 2 to 3 times to the guy through the speaker! .. he ignored me while im making my order! Then i skipped the speaker machin, and i went to the window directly..!! The guy who took my order asked me to park and wait on side and he will bring my order when its ready! I waited for about more than 5 minutes and i saw some cars come and go while im just waiting! I left the car and went inside the branch! The order was ready, and the manager gave it to me within a minute!. Bad service! Unprofessional team",negative,negative,0.9755433797836304
"I visited this branch today at around 3:49 PM, and unfortunately, the overall cleanliness did not meet expectations. Many of the tables were left uncleared, with leftover food and chicken pieces, which created an unpleasant dining environment. I kindly ask the management to place more attention on maintaining cleanliness, especially during operating hours, as it plays a major role in the overall customer experience. I hope this can be improved moving forward.",negative,negative,0.9637053608894348
Very good service. Staff friendly. Food tasty,positive,positive,0.991600751876831
Good food. 😋. Tasty. Staff very friendly. Thanks,positive,positive,0.9920641779899597
such good staff i love it so much so good!!,positive,positive,0.9922860860824585
"When I visit this place very kindful staff , serve good and also nice view",positive,positive,0.9920367002487183
"Charcoal grilled burgers (single patty) for 1 BD. I can’t complain. The smell and the taste of the soft bun and patty is so worth the visit after an evening of drinking. I love hole in the walls and I really enjoy Jan Burger for their low key, cheap and delicious hamburgers and chicken burgers.",positive,positive,0.9929167032241821
"Slightly over rated place in my opinion. Better burger joints are around. Had ordered double Jan with cheese. First of all, it wasnt anything like displayed in menu. Second, the way it was served could have been better, rather than in a foil paper. Most importantly, the taste was bland! Thick dry chunk of beef unfortunately. Had it because i paid for it. Dining in not recommended. Last point, these aren't charcoal grilled, but charbroiled",negative,negative,0.9125661253929138
"It was recommended by one of my friends as one of the oldest and the most delicious burgers in Bahrain. But, to be honest, when I saw how old the shop was, I was afraid to try. But, surprisingly 😅 it was one of the best burgers I have ever tried in Bahrain. taste wise, it was too delicious, and the fries were also delicious and crispy 😋. I will order it again for sure 😍. I have only 2 takes, and I wish they would consider them; 1- Work on presentation and packaging. 2- To be present on online platforms like Ahlan and Jahez.",positive,positive,0.978343665599823
Ordered the double and it’s the best flame grilled burger in Bahrain. I got the meal for 2.7 (double burger) and whilst their prices have increased it’s still the best burger at its price in Bahrain. In fact it is better than almost every other burger even at higher price points. I love the old menus and decor - it’s shows that this place has stood the test of time. I’m only sad that I have lived in bahrain for 8 years before trying it.,positive,positive,0.9800830483436584
"Still the OG taste 😋, and the service is good. Very accommodating specially Juvy.",positive,positive,0.989854633808136
"Very wonderful Cafe to visit. The prices are acceptable, service is great and the atmosphere is amazing. Very busy when there is a football match. Enough parking places. The Hookah is fine but the coal is cheap quality. They have good drinks over there.",positive,positive,0.9925026893615723
"As always very good service we always sit there with friends and smoke sheesha, the pizza offer is good but large pizza for 2.4 and medium pizza get it for just 0.100 fils",positive,positive,0.9902310967445374
Even though I went late with my husband for a late dinner but the place was crowded. They have big TVs so they are great for watching matches while out.,positive,positive,0.9402782917022705
One of the best place in Sitra with trance experience and grill Turkish dishes.,positive,positive,0.9886504411697388
Very nice Cafe with different types of seating areas. Suitable for watching football matches. Cafe serves lots of varieties of food and drinks especially the desert. Their mango juice mixed with pomegranate was the best. Also their chocolate fondant tasted great.,positive,positive,0.9913771152496338
Hands down my go to coffee spot. The coffee actually hits and you can feel the caffeine kick while still tasting smooth and rich. Everything I’ve tried has been really well made whether it’s a quick espresso or an americano. The location is also perfect with a great atmosphere and a nice place to chill or get work done. Definitely one of those places you keep coming back to.,positive,positive,0.9923495054244995
The place was really clean and the staff name Toni was so nice and friendly and accommodating. Best staff here in Zayed town the beauty in her face make us energy,positive,positive,0.9927482008934021
"One of the best places to study . The atmosphere is amazing from the lights to the low level of music .everything is perfect. And the staff are so friendly and are one of best compared to other branches, they always have a smile on their faces and give everyone a warm welcome. Definitely would recommend this place either for studying or just a coffee chat",positive,positive,0.9928460717201233
"I enjoyed my visit to Caribou at Zayed Town. Special thanks to Remelyn, who was very sweet, welcoming, and friendly — she made my experience even better! The iced latte she prepared for me also tasted great!",positive,positive,0.9927995204925537
The place is quite and clean thank you toni for your good service and friendly to me and my coffee was nice,positive,positive,0.991669774055481
One of the best Bakery in Jidhafs Area. Various and verity Bakery items. Reasonable price. Good customer service. Good Parking Area.,positive,positive,0.9909658432006836
Old is gold. This phrase is correct here,positive,positive,0.9356483817100525
"It's one of the most famous bakreys science I born, they really serve good quality pastrys and what I don't like is the lack of parking...",positive,positive,0.6946815848350525
"I like their 🍞 as it is delicious. They use fresh food, meet and chiken. Also their sweet is nice specially Ramadan is coming.",positive,positive,0.9884522557258606
One of the best Bakery in Jidhafs Area. Various and verity Bakery items. Reasonable price. Good customer service. Good Parking Area.,positive,positive,0.9909658432006836
"Ordered the 3 shawarma plater with soft drink and fries (2bd deals promotion form talabat ) asked for extra salad and extra sauce which they obliged to , the shawarma itself was big and full of chicken although the taste itself was not quite to my expectation as the sauce that they used is just mayo not even garlic mayo and they don’t even put chilli sauce and the bread is Saj but they use too much (wrapped 3 times with sauce bread ) so the shawarma feels very filling and it’s difficult to eat more than two , French fries was dump as I should have expected as the order took more than half hour to reach , I’m sure if I try it at the restaurant it will taste better . The food wrapping and boxing was great though",neutral,negative,0.7758854627609253
"Food: Zero taste and zero authenticity. If you’re looking for real Shami food, this isn't it. Plus, the dishes look nothing like the menu photos. Service: Way too slow. They blew past the promised time, and it definitely wasn't worth the wait. Safety: We actually got food poisoning. 😮‍💨 Bottom line: Don't waste your cash or your health here. Just stay away.",negative,negative,0.9813119769096375
Nice place to eat grills.. Sharwama and many more with good taste... Pizza are special with good quality soft,positive,positive,0.9905645847320557
The shawarma were hard and expensive there quality wasn't nice,negative,negative,0.975904643535614
Recently the quality of food is not good as it used to be. Salad is not fresh. Chicken is hard and tasteless.,negative,negative,0.9771232604980469
"One of the most famous shawarma spots in Adliya! They recently moved to the shop directly opposite their old location due to renovations. I ordered their popular meat and chicken shawarmas and the Malgoom. The taste is excellent, and the pickled cucumbers were so delicious—my son absolutely loved them! The prices are very reasonable, especially when compared to the more 'famous' or overpriced restaurants in Bahrain. Highly recommended for an authentic experience.",positive,positive,0.9911110997200012
"Decent, tasty shawarma for a good price. Plenty of food for your money. The grill options like kebabs weren’t available later on a weeknight for some reason. Friendly and attentive staff. It was close to empty around 7:30pm. The juices were delicious; try the sexy special.",positive,positive,0.9844133853912354
"Overhyped place in Bahrain. We tried Bahrain Malgoum in Chicken and Meat. Meat tasted better , nothing special its just a Shawarma wrapped in Poratta. I would recommend for one time try. We tried their Special Shake named “ Sexy “ which is utter flop, its the same Normal Grape Juice Managed by Bengalis, not respectful and customer friendly. Their attitude towards customer need to be improved",negative,negative,0.8317081332206726
Very dry meat. No adequate amount of mayo or sauce. To make spicy they just added too many chillies very bad. Ot recommended,negative,negative,0.9799628257751465
A good cafeterias but there are better options in the area. Their chicken malghoom was average.,negative,positive,0.7110341787338257
"Unfortunately we watched a few World Cup games here at Caribou/Fudruckers Durrat Bahrain in the heat. We were always given several excuses. Once they said the cooling fans don't work, and another time the only extension cord they have is used for the projector. I truly believe an establishment as famous as this franchise during important matches such as the World Cup would find better excuses or solutions to this simple issue. We are quite disappointed.",negative,negative,0.9712857007980347
"My favorite coffee brand and this location became one of my fav branches coz their staff is incredibly amazing and sweet and honestly very funny.. their names are EN EN , Amiel, Christine ,Nami, Alex …",positive,positive,0.9930071830749512
"Great coffee and even better service! A big thank you to Christine, En-En, Zineth, Nani, and Emiel for always being so friendly, welcoming, and professional.",positive,positive,0.9926141500473022
"En En , Amiel , Nami, Zineth and Christine are very welcoming and accommodating staff they’re very professional in their job and make us feel comfortable great job guys",positive,positive,0.9926419854164124
"Came for the coffee, but ended up remembering the service more than anything. Huge thanks to En En for being so kind, professional, and making the whole experience feel effortless. You can tell when someone actually enjoys what they do, and it really shows. People like En En are the reason customers come back. 5 stars without a doubt.",positive,positive,0.9905158281326294
My cousin says beef shawarma was good with strong cinnamon flavour. We tried Tikka shawarma and it felt like biryani masala.,positive,positive,0.7009755373001099
"It's only them who is located on the opposite side of the '# shawarma street', which seems to be an advantage in terms of the existance appeal, or a disadvantage in terms of being ignored from the other side of the road. The blended juice was very fresh and delicious, made to order as it was. The saj # shawarma was crispy on the bread and unique in that it was stuffed with shredded cabbage, which is considered Turkish style. The flavour is very spicy with black pepper. I wondered why the staff were polite but seemed to be listless. That's the only thing that bothered me.",neutral,neutral,0.6110424399375916
This legendary shawarma spot has been serving shawarmas for over 30 years! Their malghoom is also must try and you need to dine in to experience it to the fullest. Each table will have its own Hot sauce and Tahina which can be poured in to the Malghoom for each bite. They also give you pickled cucumbers as a side dish. This is a must try shawarma spot if you are in Bahrain. Prices are very reasonable. Parking can be a little tricky during weekend!,positive,positive,0.947318434715271
"Tried the mixed meat shawarma and really enjoyed it! Was juicy, flavourful, fresh and just perfecto! Tip- turn into the alley next to this shop to find a parking spot.",positive,positive,0.9927656650543213
Special shawarma in bahrain adliya catkoot Delicious taste 😘,positive,positive,0.9827179312705994
